Date,Open,High,Low,Close,Adj Close,Volume
2020-03-09,178.000000,178.000000,178.000000,178.000000,178.000000,316500
2020-03-10,218.000000,240.000000,163.000000,200.000000,200.000000,197412500
2020-03-11,204.000000,226.000000,192.000000,202.000000,202.000000,415547500
2020-03-12,200.000000,220.000000,183.000000,208.000000,208.000000,29808000
2020-03-13,200.000000,206.000000,194.000000,200.000000,200.000000,7647400
2020-03-16,197.000000,199.000000,186.000000,190.000000,190.000000,1426000
2020-03-17,190.000000,190.000000,177.000000,189.000000,189.000000,362000
2020-03-18,185.000000,185.000000,176.000000,180.000000,180.000000,692500
2020-03-19,168.000000,210.000000,168.000000,197.000000,197.000000,20465400
2020-03-20,197.000000,204.000000,184.000000,200.000000,200.000000,15140200
2020-03-23,195.000000,202.000000,193.000000,193.000000,193.000000,2931200
2020-03-24,193.000000,197.000000,191.000000,193.000000,193.000000,1164800
2020-03-26,192.000000,220.000000,191.000000,210.000000,210.000000,16021700
2020-03-27,210.000000,260.000000,208.000000,248.000000,248.000000,29247700
2020-03-30,248.000000,262.000000,240.000000,242.000000,242.000000,9985900
2020-03-31,246.000000,262.000000,234.000000,238.000000,238.000000,6605400
2020-04-01,238.000000,244.000000,228.000000,228.000000,228.000000,1763600
2020-04-02,226.000000,234.000000,224.000000,226.000000,226.000000,4638400
2020-04-03,226.000000,268.000000,224.000000,268.000000,268.000000,22794500
2020-04-06,268.000000,300.000000,250.000000,268.000000,268.000000,43612400
2020-04-07,266.000000,282.000000,250.000000,250.000000,250.000000,21595000
2020-04-08,248.000000,248.000000,234.000000,240.000000,240.000000,2105300
2020-04-09,240.000000,254.000000,238.000000,242.000000,242.000000,5980300
2020-04-13,248.000000,252.000000,238.000000,238.000000,238.000000,2618000
2020-04-14,238.000000,240.000000,232.000000,240.000000,240.000000,1347700
2020-04-15,242.000000,254.000000,230.000000,250.000000,250.000000,16053600
2020-04-16,250.000000,250.000000,240.000000,248.000000,248.000000,9295300
2020-04-17,248.000000,252.000000,234.000000,246.000000,246.000000,10546600
2020-04-20,244.000000,246.000000,230.000000,240.000000,240.000000,11067200
2020-04-21,234.000000,244.000000,224.000000,236.000000,236.000000,16183100
2020-04-22,234.000000,240.000000,226.000000,240.000000,240.000000,15017400
2020-04-23,240.000000,244.000000,230.000000,230.000000,230.000000,13479900
2020-04-24,228.000000,244.000000,214.000000,236.000000,236.000000,27441200
2020-04-27,236.000000,238.000000,224.000000,232.000000,232.000000,52686300
2020-04-28,232.000000,236.000000,218.000000,228.000000,228.000000,10378600
2020-04-29,228.000000,240.000000,226.000000,240.000000,240.000000,7960500
2020-04-30,238.000000,244.000000,230.000000,244.000000,244.000000,6952100
2020-05-04,242.000000,256.000000,238.000000,248.000000,248.000000,10668700
2020-05-05,248.000000,260.000000,246.000000,254.000000,254.000000,7336700
2020-05-06,256.000000,256.000000,242.000000,246.000000,246.000000,2369700
2020-05-08,248.000000,260.000000,238.000000,252.000000,252.000000,7671000
2020-05-11,254.000000,254.000000,246.000000,246.000000,246.000000,1504000
2020-05-12,244.000000,246.000000,236.000000,236.000000,236.000000,1626300
2020-05-13,234.000000,236.000000,222.000000,228.000000,228.000000,4380500
2020-05-14,228.000000,232.000000,226.000000,230.000000,230.000000,2833400
2020-05-15,232.000000,240.000000,230.000000,234.000000,234.000000,4766600
2020-05-18,236.000000,240.000000,234.000000,240.000000,240.000000,2152000
2020-05-19,240.000000,246.000000,240.000000,242.000000,242.000000,1422800
2020-05-20,242.000000,242.000000,236.000000,240.000000,240.000000,800800
2020-05-26,240.000000,250.000000,240.000000,244.000000,244.000000,3099300
2020-05-27,244.000000,252.000000,242.000000,248.000000,248.000000,5466300
2020-05-28,250.000000,250.000000,246.000000,248.000000,248.000000,1273400
2020-05-29,246.000000,254.000000,244.000000,248.000000,248.000000,7057800
2020-06-02,248.000000,254.000000,242.000000,252.000000,252.000000,5890200
2020-06-03,252.000000,254.000000,248.000000,250.000000,250.000000,2901400
2020-06-04,250.000000,250.000000,242.000000,246.000000,246.000000,1569900
2020-06-05,246.000000,248.000000,244.000000,244.000000,244.000000,803100
2020-06-08,246.000000,258.000000,246.000000,252.000000,252.000000,5830400
2020-06-09,252.000000,254.000000,250.000000,250.000000,250.000000,1714200
2020-06-10,248.000000,248.000000,240.000000,240.000000,240.000000,940000
2020-06-11,240.000000,240.000000,236.000000,240.000000,240.000000,2294200
2020-06-12,236.000000,238.000000,234.000000,236.000000,236.000000,1550300
2020-06-15,236.000000,268.000000,234.000000,268.000000,268.000000,16521400
2020-06-16,270.000000,300.000000,250.000000,282.000000,282.000000,27161400
2020-06-17,282.000000,286.000000,274.000000,280.000000,280.000000,5481800
2020-06-18,276.000000,284.000000,276.000000,278.000000,278.000000,2851500
2020-06-19,278.000000,310.000000,278.000000,308.000000,308.000000,27034300
2020-06-22,308.000000,314.000000,288.000000,296.000000,296.000000,13570800
2020-06-23,294.000000,302.000000,276.000000,278.000000,278.000000,6223500
2020-06-24,260.000000,274.000000,260.000000,262.000000,262.000000,919700
2020-06-25,246.000000,268.000000,244.000000,244.000000,244.000000,453000
2020-06-26,234.000000,244.000000,228.000000,228.000000,228.000000,1258800
2020-06-29,218.000000,234.000000,218.000000,232.000000,232.000000,383400
2020-06-30,232.000000,268.000000,230.000000,230.000000,230.000000,769300
2020-07-01,248.000000,248.000000,222.000000,230.000000,230.000000,171300
2020-07-02,232.000000,236.000000,230.000000,232.000000,232.000000,381500
2020-07-03,234.000000,256.000000,234.000000,246.000000,246.000000,266900
2020-07-06,238.000000,258.000000,238.000000,246.000000,246.000000,420800
2020-07-07,244.000000,258.000000,242.000000,244.000000,244.000000,177100
2020-07-08,250.000000,254.000000,240.000000,244.000000,244.000000,103900
2020-07-09,248.000000,268.000000,240.000000,246.000000,246.000000,134500
2020-07-10,240.000000,252.000000,230.000000,236.000000,236.000000,95000
2020-07-13,236.000000,250.000000,236.000000,244.000000,244.000000,56600
2020-07-14,234.000000,290.000000,232.000000,244.000000,244.000000,596200
2020-07-15,244.000000,254.000000,240.000000,248.000000,248.000000,113500
2020-07-16,246.000000,258.000000,232.000000,232.000000,232.000000,248100
2020-07-17,230.000000,230.000000,218.000000,230.000000,230.000000,104600
2020-07-20,230.000000,238.000000,226.000000,226.000000,226.000000,5400
2020-07-21,226.000000,242.000000,226.000000,242.000000,242.000000,604200
2020-07-22,242.000000,248.000000,240.000000,242.000000,242.000000,577400
2020-07-23,242.000000,242.000000,232.000000,232.000000,232.000000,200
2020-07-24,230.000000,242.000000,230.000000,232.000000,232.000000,438200
2020-07-27,232.000000,242.000000,232.000000,240.000000,240.000000,1080100
2020-07-28,238.000000,256.000000,238.000000,252.000000,252.000000,1299800
2020-07-29,262.000000,262.000000,246.000000,256.000000,256.000000,1311200
2020-07-30,256.000000,256.000000,250.000000,252.000000,252.000000,1841300
2020-08-03,252.000000,262.000000,250.000000,262.000000,262.000000,1793500
2020-08-04,264.000000,274.000000,260.000000,270.000000,270.000000,950400
2020-08-05,270.000000,280.000000,270.000000,280.000000,280.000000,1385100
2020-08-06,280.000000,296.000000,280.000000,282.000000,282.000000,1642600
2020-08-07,282.000000,294.000000,276.000000,290.000000,290.000000,2264300
2020-08-10,290.000000,302.000000,290.000000,302.000000,302.000000,2839700
2020-08-11,304.000000,304.000000,300.000000,302.000000,302.000000,1072100
2020-08-12,302.000000,308.000000,300.000000,308.000000,308.000000,2153600
2020-08-13,308.000000,316.000000,308.000000,310.000000,310.000000,1490200
2020-08-14,312.000000,318.000000,312.000000,316.000000,316.000000,1679300
2020-08-18,316.000000,318.000000,314.000000,316.000000,316.000000,927200
2020-08-19,316.000000,320.000000,316.000000,320.000000,320.000000,1256100
2020-08-24,320.000000,324.000000,316.000000,316.000000,316.000000,1715300
2020-08-25,316.000000,330.000000,316.000000,330.000000,330.000000,606400
2020-08-26,330.000000,330.000000,324.000000,330.000000,330.000000,1241100
2020-08-27,332.000000,342.000000,332.000000,338.000000,338.000000,1297300
2020-08-28,340.000000,350.000000,340.000000,344.000000,344.000000,838700
2020-08-31,344.000000,348.000000,342.000000,344.000000,344.000000,974000
2020-09-01,342.000000,346.000000,342.000000,346.000000,346.000000,715000
2020-09-02,346.000000,358.000000,346.000000,350.000000,350.000000,941500
2020-09-03,352.000000,358.000000,336.000000,338.000000,338.000000,1663200
2020-09-04,338.000000,338.000000,316.000000,316.000000,316.000000,1722100
2020-09-07,294.000000,304.000000,294.000000,294.000000,294.000000,222200
2020-09-08,274.000000,282.000000,274.000000,274.000000,274.000000,120300
2020-09-09,258.000000,260.000000,256.000000,256.000000,256.000000,65000
2020-09-10,254.000000,276.000000,250.000000,256.000000,256.000000,219500
2020-09-11,256.000000,266.000000,240.000000,262.000000,262.000000,191900
2020-09-14,264.000000,300.000000,260.000000,264.000000,264.000000,2592700
2020-09-15,262.000000,262.000000,246.000000,262.000000,262.000000,514000
2020-09-16,256.000000,256.000000,244.000000,246.000000,246.000000,33100
2020-09-17,244.000000,244.000000,230.000000,230.000000,230.000000,65100
2020-09-18,214.000000,220.000000,214.000000,220.000000,220.000000,166800
2020-09-21,226.000000,226.000000,206.000000,220.000000,220.000000,610200
2020-09-22,208.000000,230.000000,208.000000,226.000000,226.000000,28300
2020-09-23,214.000000,228.000000,214.000000,224.000000,224.000000,2016000
2020-09-24,224.000000,230.000000,212.000000,218.000000,218.000000,1769400
2020-09-25,222.000000,224.000000,218.000000,222.000000,222.000000,1515200
2020-09-28,234.000000,234.000000,216.000000,216.000000,216.000000,2532600
2020-09-29,216.000000,216.000000,208.000000,214.000000,214.000000,3110100
2020-09-30,206.000000,216.000000,206.000000,216.000000,216.000000,2455400
2020-10-01,208.000000,222.000000,208.000000,218.000000,218.000000,2393200
2020-10-02,218.000000,226.000000,208.000000,216.000000,216.000000,3685400
2020-10-05,216.000000,218.000000,202.000000,216.000000,216.000000,1622000
2020-10-06,236.000000,236.000000,214.000000,218.000000,218.000000,2717300
2020-10-07,218.000000,218.000000,210.000000,218.000000,218.000000,2657500
2020-10-08,220.000000,220.000000,208.000000,208.000000,208.000000,43200
2020-10-09,216.000000,216.000000,202.000000,208.000000,208.000000,34500
2020-10-12,210.000000,210.000000,202.000000,208.000000,208.000000,43800
2020-10-13,208.000000,216.000000,208.000000,216.000000,216.000000,1224900
2020-10-14,236.000000,236.000000,208.000000,222.000000,222.000000,2054600
2020-10-15,222.000000,230.000000,216.000000,230.000000,230.000000,2760200
2020-10-16,230.000000,232.000000,214.000000,228.000000,228.000000,2684900
2020-10-19,228.000000,230.000000,220.000000,230.000000,230.000000,48400
2020-10-20,230.000000,230.000000,216.000000,222.000000,222.000000,177900
2020-10-21,220.000000,224.000000,214.000000,214.000000,214.000000,71100
2020-10-22,222.000000,222.000000,208.000000,210.000000,210.000000,167400
2020-10-23,216.000000,216.000000,197.000000,204.000000,204.000000,71400
2020-10-26,204.000000,206.000000,198.000000,204.000000,204.000000,52300
2020-10-27,200.000000,204.000000,196.000000,202.000000,202.000000,40100
2020-11-02,202.000000,202.000000,195.000000,199.000000,199.000000,12200
2020-11-03,200.000000,202.000000,194.000000,199.000000,199.000000,22900
2020-11-04,199.000000,200.000000,194.000000,200.000000,200.000000,66200
2020-11-05,200.000000,202.000000,197.000000,202.000000,202.000000,26000
2020-11-06,222.000000,222.000000,200.000000,202.000000,202.000000,29200
2020-11-09,202.000000,208.000000,198.000000,200.000000,200.000000,15500
2020-11-10,200.000000,204.000000,195.000000,197.000000,197.000000,54600
2020-11-11,196.000000,204.000000,196.000000,197.000000,197.000000,34500
2020-11-12,197.000000,199.000000,197.000000,198.000000,198.000000,33400
2020-11-13,195.000000,196.000000,194.000000,194.000000,194.000000,26500
2020-11-16,194.000000,200.000000,190.000000,197.000000,197.000000,171600
2020-11-17,195.000000,198.000000,195.000000,198.000000,198.000000,32000
2020-11-18,198.000000,200.000000,198.000000,199.000000,199.000000,7900
2020-11-19,191.000000,202.000000,191.000000,200.000000,200.000000,13200
2020-11-20,200.000000,200.000000,195.000000,199.000000,199.000000,32200
2020-11-23,199.000000,199.000000,186.000000,198.000000,198.000000,29900
2020-11-24,198.000000,198.000000,190.000000,197.000000,197.000000,201100
2020-11-25,196.000000,202.000000,194.000000,202.000000,202.000000,60800
2020-11-26,202.000000,210.000000,194.000000,210.000000,210.000000,198000
2020-11-27,210.000000,240.000000,196.000000,238.000000,238.000000,684800
2020-11-30,238.000000,260.000000,222.000000,244.000000,244.000000,138600
2020-12-01,244.000000,246.000000,228.000000,244.000000,244.000000,150500
2020-12-02,244.000000,244.000000,234.000000,240.000000,240.000000,216900
2020-12-03,240.000000,244.000000,236.000000,244.000000,244.000000,276000
2020-12-04,246.000000,246.000000,236.000000,236.000000,236.000000,73800
2020-12-07,236.000000,250.000000,234.000000,250.000000,250.000000,147300
2020-12-08,250.000000,250.000000,236.000000,236.000000,236.000000,53500
2020-12-10,236.000000,240.000000,234.000000,236.000000,236.000000,284600
2020-12-11,236.000000,244.000000,236.000000,236.000000,236.000000,129200
2020-12-14,238.000000,238.000000,236.000000,236.000000,236.000000,25300
2020-12-15,236.000000,236.000000,232.000000,232.000000,232.000000,19300
2020-12-16,232.000000,238.000000,218.000000,238.000000,238.000000,214500
2020-12-17,238.000000,248.000000,236.000000,236.000000,236.000000,18700
2020-12-18,236.000000,250.000000,226.000000,250.000000,250.000000,57100
2020-12-21,244.000000,250.000000,238.000000,250.000000,250.000000,254300
2020-12-22,244.000000,244.000000,234.000000,234.000000,234.000000,431000
2020-12-23,234.000000,238.000000,234.000000,234.000000,234.000000,8200
2020-12-28,234.000000,238.000000,224.000000,234.000000,234.000000,26300
2020-12-29,234.000000,240.000000,234.000000,240.000000,240.000000,119400
2020-12-30,238.000000,240.000000,236.000000,240.000000,240.000000,47300
2021-01-04,236.000000,242.000000,236.000000,242.000000,242.000000,30400
2021-01-05,242.000000,242.000000,236.000000,240.000000,240.000000,906100
2021-01-06,242.000000,246.000000,238.000000,246.000000,246.000000,232900
2021-01-07,248.000000,270.000000,238.000000,270.000000,270.000000,1602300
2021-01-08,272.000000,320.000000,260.000000,300.000000,300.000000,2171900
2021-01-11,304.000000,312.000000,286.000000,296.000000,296.000000,2184000
2021-01-12,296.000000,320.000000,286.000000,320.000000,320.000000,2068400
2021-01-13,322.000000,326.000000,300.000000,322.000000,322.000000,2074000
2021-01-14,322.000000,332.000000,316.000000,330.000000,330.000000,3210200
2021-01-15,320.000000,342.000000,320.000000,340.000000,340.000000,3277400
2021-01-18,322.000000,336.000000,320.000000,320.000000,320.000000,45700
2021-01-19,320.000000,320.000000,298.000000,306.000000,306.000000,407700
2021-01-20,300.000000,302.000000,296.000000,302.000000,302.000000,1373000
2021-01-21,304.000000,308.000000,302.000000,304.000000,304.000000,1731100
2021-01-22,302.000000,304.000000,288.000000,288.000000,288.000000,1559000
2021-01-25,290.000000,290.000000,270.000000,270.000000,270.000000,155600
2021-01-26,272.000000,274.000000,254.000000,254.000000,254.000000,12000
2021-01-27,256.000000,256.000000,240.000000,250.000000,250.000000,2037900
2021-01-28,250.000000,262.000000,250.000000,258.000000,258.000000,2541100
2021-01-29,258.000000,258.000000,240.000000,250.000000,250.000000,40300
2021-02-01,250.000000,252.000000,234.000000,238.000000,238.000000,35100
2021-02-02,238.000000,238.000000,234.000000,238.000000,238.000000,461000
2021-02-03,240.000000,250.000000,226.000000,250.000000,250.000000,935900
2021-02-04,252.000000,258.000000,252.000000,254.000000,254.000000,1901100
2021-02-05,254.000000,256.000000,254.000000,256.000000,256.000000,39900
2021-02-08,254.000000,256.000000,240.000000,256.000000,256.000000,36900
2021-02-09,258.000000,258.000000,250.000000,250.000000,250.000000,2000
2021-02-10,242.000000,270.000000,234.000000,270.000000,270.000000,2336300
2021-02-11,270.000000,280.000000,270.000000,276.000000,276.000000,2350500
2021-02-15,276.000000,280.000000,270.000000,280.000000,280.000000,1937700
2021-02-16,280.000000,282.000000,270.000000,276.000000,276.000000,69500
2021-02-17,280.000000,280.000000,270.000000,278.000000,278.000000,54300
2021-02-18,270.000000,274.000000,260.000000,270.000000,270.000000,2404200
2021-02-19,270.000000,270.000000,260.000000,270.000000,270.000000,15500
2021-02-22,270.000000,270.000000,270.000000,270.000000,270.000000,3700
2021-02-23,272.000000,272.000000,258.000000,258.000000,258.000000,237200
2021-02-24,252.000000,258.000000,252.000000,254.000000,254.000000,60400
2021-02-25,242.000000,252.000000,238.000000,238.000000,238.000000,112400
2021-02-26,230.000000,244.000000,222.000000,224.000000,224.000000,17200
2021-03-01,224.000000,240.000000,224.000000,236.000000,236.000000,3022800
2021-03-02,240.000000,240.000000,236.000000,240.000000,240.000000,15600
2021-03-03,244.000000,244.000000,234.000000,240.000000,240.000000,8400
2021-03-04,240.000000,244.000000,230.000000,236.000000,236.000000,1523200
2021-03-05,236.000000,236.000000,224.000000,226.000000,226.000000,11700
2021-03-08,226.000000,232.000000,226.000000,230.000000,230.000000,4700
2021-03-09,230.000000,236.000000,224.000000,236.000000,236.000000,11600
2021-03-10,234.000000,236.000000,224.000000,224.000000,224.000000,900
2021-03-12,238.000000,238.000000,224.000000,238.000000,238.000000,30200
2021-03-15,238.000000,244.000000,222.000000,238.000000,238.000000,147300
2021-03-16,236.000000,236.000000,230.000000,232.000000,232.000000,6700
2021-03-17,234.000000,238.000000,222.000000,238.000000,238.000000,19300
2021-03-18,238.000000,238.000000,226.000000,228.000000,228.000000,23900
2021-03-19,236.000000,238.000000,236.000000,236.000000,236.000000,79900
2021-03-22,234.000000,240.000000,222.000000,240.000000,240.000000,2316200
2021-03-23,240.000000,240.000000,226.000000,236.000000,236.000000,98700
2021-03-24,234.000000,234.000000,222.000000,222.000000,222.000000,6300
2021-03-25,222.000000,238.000000,222.000000,232.000000,232.000000,2407400
2021-03-26,230.000000,230.000000,222.000000,222.000000,222.000000,21200
2021-03-29,222.000000,234.000000,212.000000,234.000000,234.000000,70600
2021-03-30,234.000000,234.000000,220.000000,230.000000,230.000000,84200
2021-03-31,232.000000,232.000000,222.000000,230.000000,230.000000,67000
2021-04-01,218.000000,240.000000,218.000000,238.000000,238.000000,3272400
2021-04-05,238.000000,240.000000,234.000000,234.000000,234.000000,34600
2021-04-06,234.000000,240.000000,234.000000,238.000000,238.000000,6300
2021-04-07,238.000000,250.000000,226.000000,250.000000,250.000000,1093100
2021-04-08,250.000000,258.000000,250.000000,258.000000,258.000000,3071500
2021-04-09,260.000000,276.000000,242.000000,252.000000,252.000000,4605900
2021-04-12,252.000000,254.000000,236.000000,240.000000,240.000000,340800
2021-04-13,246.000000,264.000000,240.000000,252.000000,252.000000,524300
2021-04-14,252.000000,256.000000,252.000000,256.000000,256.000000,176500
2021-04-15,258.000000,272.000000,258.000000,270.000000,270.000000,713500
2021-04-16,272.000000,286.000000,256.000000,286.000000,286.000000,5961700
2021-04-19,288.000000,290.000000,278.000000,282.000000,282.000000,288000
2021-04-20,282.000000,290.000000,272.000000,290.000000,290.000000,263300
2021-04-21,290.000000,308.000000,288.000000,300.000000,300.000000,5990800
2021-04-22,304.000000,310.000000,288.000000,296.000000,296.000000,155400
2021-04-23,296.000000,312.000000,296.000000,304.000000,304.000000,5405600
2021-04-26,306.000000,310.000000,300.000000,304.000000,304.000000,78600
2021-04-27,300.000000,300.000000,294.000000,298.000000,298.000000,54200
2021-04-28,294.000000,302.000000,288.000000,298.000000,298.000000,100000
2021-04-29,298.000000,304.000000,294.000000,304.000000,304.000000,42700
2021-04-30,304.000000,310.000000,300.000000,300.000000,300.000000,22300
2021-05-03,298.000000,300.000000,296.000000,300.000000,300.000000,41200
2021-05-04,300.000000,300.000000,298.000000,298.000000,298.000000,9200
2021-05-05,298.000000,308.000000,298.000000,306.000000,306.000000,18500
2021-05-06,306.000000,306.000000,304.000000,304.000000,304.000000,2300
2021-05-07,304.000000,304.000000,298.000000,298.000000,298.000000,44500
2021-05-10,298.000000,298.000000,292.000000,292.000000,292.000000,27400
2021-05-11,292.000000,292.000000,290.000000,290.000000,290.000000,7400
2021-05-17,290.000000,300.000000,290.000000,300.000000,300.000000,23900
2021-05-18,300.000000,312.000000,300.000000,306.000000,306.000000,2548200
2021-05-19,308.000000,342.000000,298.000000,298.000000,298.000000,846000
2021-05-20,300.000000,314.000000,290.000000,308.000000,308.000000,369200
2021-05-21,310.000000,336.000000,308.000000,324.000000,324.000000,1846400
2021-05-24,330.000000,334.000000,320.000000,320.000000,320.000000,545100
2021-05-25,320.000000,320.000000,308.000000,310.000000,310.000000,819600
2021-05-27,310.000000,320.000000,310.000000,318.000000,318.000000,813400
2021-05-28,308.000000,318.000000,306.000000,314.000000,314.000000,1130500
2021-05-31,314.000000,332.000000,314.000000,320.000000,320.000000,783700
2021-06-02,322.000000,330.000000,320.000000,322.000000,322.000000,501200
2021-06-03,322.000000,328.000000,322.000000,322.000000,322.000000,26200
2021-06-04,322.000000,322.000000,300.000000,322.000000,322.000000,840300
2021-06-07,322.000000,322.000000,312.000000,322.000000,322.000000,242100
2021-06-08,320.000000,370.000000,320.000000,368.000000,368.000000,1739700
2021-06-09,370.000000,390.000000,368.000000,388.000000,388.000000,1664700
2021-06-10,390.000000,400.000000,370.000000,400.000000,400.000000,1395600
2021-06-11,400.000000,400.000000,372.000000,400.000000,400.000000,270800
2021-06-14,400.000000,400.000000,372.000000,398.000000,398.000000,491700
2021-06-15,398.000000,398.000000,384.000000,398.000000,398.000000,624000
2021-06-16,398.000000,398.000000,376.000000,390.000000,390.000000,71300
2021-06-17,398.000000,400.000000,376.000000,392.000000,392.000000,1159200
2021-06-18,390.000000,396.000000,378.000000,382.000000,382.000000,16600
2021-06-21,382.000000,420.000000,382.000000,420.000000,420.000000,1236600
2021-06-22,420.000000,454.000000,420.000000,424.000000,424.000000,1810500
2021-06-23,424.000000,450.000000,424.000000,442.000000,442.000000,1588700
2021-06-24,450.000000,520.000000,448.000000,470.000000,470.000000,727400
2021-06-25,474.000000,500.000000,452.000000,468.000000,468.000000,323500
2021-06-28,468.000000,474.000000,468.000000,474.000000,474.000000,92800
2021-06-29,478.000000,550.000000,478.000000,550.000000,550.000000,149900
2021-06-30,565.000000,685.000000,515.000000,515.000000,515.000000,1308200
2021-07-01,515.000000,540.000000,500.000000,530.000000,530.000000,318700
2021-07-02,530.000000,660.000000,530.000000,600.000000,600.000000,1647600
2021-07-05,615.000000,750.000000,600.000000,750.000000,750.000000,2024300
2021-07-06,745.000000,775.000000,700.000000,700.000000,700.000000,1023200
2021-07-07,700.000000,730.000000,655.000000,715.000000,715.000000,428800
2021-07-08,730.000000,850.000000,730.000000,800.000000,800.000000,531200
2021-07-09,800.000000,865.000000,755.000000,780.000000,780.000000,306300
2021-07-12,785.000000,785.000000,740.000000,750.000000,750.000000,222800
2021-07-13,740.000000,750.000000,700.000000,720.000000,720.000000,477900
2021-07-14,725.000000,765.000000,700.000000,735.000000,735.000000,743700
2021-07-15,740.000000,800.000000,710.000000,800.000000,800.000000,2227600
2021-07-16,800.000000,1000.000000,760.000000,995.000000,995.000000,2196900
2021-07-19,1000.000000,1090.000000,930.000000,1010.000000,1010.000000,879600
2021-07-21,1020.000000,1020.000000,945.000000,975.000000,975.000000,1297000
2021-07-22,980.000000,1000.000000,975.000000,980.000000,980.000000,885700
2021-07-23,990.000000,990.000000,915.000000,930.000000,930.000000,712700
2021-07-26,930.000000,1000.000000,930.000000,980.000000,980.000000,2505200
2021-07-27,980.000000,990.000000,920.000000,925.000000,925.000000,239700
2021-07-28,925.000000,925.000000,865.000000,900.000000,900.000000,270400
2021-07-29,900.000000,955.000000,840.000000,925.000000,925.000000,866200
2021-07-30,905.000000,920.000000,900.000000,900.000000,900.000000,31600
2021-08-02,900.000000,900.000000,850.000000,890.000000,890.000000,37900
2021-08-03,890.000000,900.000000,865.000000,900.000000,900.000000,63000
2021-08-04,925.000000,955.000000,870.000000,900.000000,900.000000,139000
2021-08-05,900.000000,900.000000,870.000000,900.000000,900.000000,18900
2021-08-06,900.000000,905.000000,860.000000,900.000000,900.000000,93100
2021-08-09,900.000000,910.000000,855.000000,905.000000,905.000000,71300
2021-08-10,905.000000,905.000000,860.000000,890.000000,890.000000,23100
2021-08-12,890.000000,905.000000,860.000000,880.000000,880.000000,129300
2021-08-13,880.000000,880.000000,830.000000,830.000000,830.000000,107800
2021-08-16,830.000000,830.000000,775.000000,775.000000,775.000000,92200
2021-08-18,775.000000,775.000000,725.000000,725.000000,725.000000,33100
2021-08-19,725.000000,725.000000,675.000000,675.000000,675.000000,33100
2021-08-20,630.000000,810.000000,630.000000,750.000000,750.000000,1107700
2021-08-23,755.000000,770.000000,745.000000,770.000000,770.000000,107400
2021-08-24,770.000000,775.000000,740.000000,740.000000,740.000000,27800
2021-08-25,740.000000,765.000000,725.000000,765.000000,765.000000,39500
2021-08-26,765.000000,765.000000,720.000000,765.000000,765.000000,79800
2021-08-27,765.000000,765.000000,720.000000,765.000000,765.000000,24700
2021-08-30,770.000000,770.000000,730.000000,750.000000,750.000000,10100
2021-08-31,755.000000,765.000000,755.000000,760.000000,760.000000,43400
2021-09-01,760.000000,760.000000,750.000000,750.000000,750.000000,20700
2021-09-02,750.000000,750.000000,700.000000,700.000000,700.000000,57100
2021-09-03,700.000000,700.000000,660.000000,690.000000,690.000000,176800
2021-09-06,700.000000,725.000000,665.000000,720.000000,720.000000,133900
2021-09-07,715.000000,750.000000,705.000000,750.000000,750.000000,107900
2021-09-08,750.000000,800.000000,750.000000,800.000000,800.000000,195400
2021-09-09,800.000000,805.000000,750.000000,785.000000,785.000000,102700
2021-09-10,785.000000,795.000000,755.000000,795.000000,795.000000,26200
2021-09-13,790.000000,800.000000,790.000000,795.000000,795.000000,32100
2021-09-14,795.000000,795.000000,795.000000,795.000000,795.000000,8600
2021-09-15,770.000000,795.000000,755.000000,795.000000,795.000000,36200
2021-09-16,755.000000,795.000000,745.000000,755.000000,755.000000,7800
2021-09-17,795.000000,800.000000,720.000000,745.000000,745.000000,47900
2021-09-20,790.000000,800.000000,750.000000,800.000000,800.000000,360600
2021-09-21,800.000000,900.000000,800.000000,890.000000,890.000000,318100
2021-09-22,890.000000,975.000000,890.000000,970.000000,970.000000,393400
2021-09-23,980.000000,1005.000000,915.000000,1000.000000,1000.000000,118600
2021-09-24,1000.000000,1000.000000,950.000000,950.000000,950.000000,61400
2021-09-27,950.000000,1075.000000,910.000000,1060.000000,1060.000000,236700
2021-09-28,1095.000000,1320.000000,1095.000000,1200.000000,1200.000000,740000
2021-09-29,1220.000000,1245.000000,1150.000000,1175.000000,1175.000000,166400
2021-09-30,1175.000000,1400.000000,1175.000000,1395.000000,1395.000000,504300
2021-10-01,1440.000000,1605.000000,1330.000000,1605.000000,1605.000000,1185600
2021-10-04,1615.000000,1750.000000,1610.000000,1735.000000,1735.000000,876100
2021-10-05,1735.000000,1755.000000,1640.000000,1645.000000,1645.000000,394800
2021-10-06,1645.000000,1670.000000,1550.000000,1640.000000,1640.000000,316900
2021-10-07,1640.000000,1640.000000,1530.000000,1530.000000,1530.000000,182100
2021-10-08,1470.000000,1505.000000,1440.000000,1500.000000,1500.000000,553400
2021-10-11,1500.000000,1500.000000,1395.000000,1500.000000,1500.000000,111800
2021-10-12,1500.000000,1505.000000,1415.000000,1440.000000,1440.000000,88100
2021-10-13,1440.000000,1585.000000,1345.000000,1580.000000,1580.000000,239900
2021-10-14,1580.000000,1615.000000,1560.000000,1575.000000,1575.000000,210600
2021-10-15,1575.000000,1580.000000,1535.000000,1580.000000,1580.000000,180000
2021-10-18,1580.000000,1580.000000,1550.000000,1580.000000,1580.000000,103500
2021-10-19,1580.000000,1610.000000,1575.000000,1600.000000,1600.000000,302400
2021-10-21,1600.000000,1600.000000,1565.000000,1585.000000,1585.000000,267500
2021-10-22,1575.000000,1615.000000,1575.000000,1615.000000,1615.000000,268900
2021-10-25,1615.000000,1680.000000,1610.000000,1680.000000,1680.000000,487600
2021-10-26,1680.000000,1785.000000,1680.000000,1785.000000,1785.000000,1110000
2021-10-27,1800.000000,1830.000000,1730.000000,1830.000000,1830.000000,959300
2021-10-28,1835.000000,1845.000000,1800.000000,1800.000000,1800.000000,462100
2021-10-29,1800.000000,1870.000000,1795.000000,1870.000000,1870.000000,939100
2021-11-01,1870.000000,1870.000000,1810.000000,1815.000000,1815.000000,1152200
2021-11-02,1815.000000,1845.000000,1815.000000,1845.000000,1845.000000,625800
2021-11-03,1830.000000,1880.000000,1830.000000,1880.000000,1880.000000,656200
2021-11-04,1880.000000,1930.000000,1860.000000,1925.000000,1925.000000,1018700
2021-11-05,1935.000000,1935.000000,1900.000000,1930.000000,1930.000000,826100
2021-11-08,1930.000000,1975.000000,1925.000000,1975.000000,1975.000000,937900
2021-11-09,1980.000000,2020.000000,1975.000000,2010.000000,2010.000000,759200
2021-11-10,2010.000000,2050.000000,1990.000000,2020.000000,2020.000000,1090900
2021-11-11,2020.000000,2020.000000,1955.000000,1975.000000,1975.000000,791400
2021-11-12,1970.000000,2000.000000,1955.000000,1955.000000,1955.000000,909600
2021-11-15,1950.000000,1955.000000,1895.000000,1905.000000,1905.000000,394600
2021-11-16,1905.000000,1920.000000,1905.000000,1905.000000,1905.000000,321000
2021-11-17,1905.000000,1935.000000,1905.000000,1930.000000,1930.000000,423100
2021-11-18,1930.000000,1955.000000,1925.000000,1940.000000,1940.000000,523900
2021-11-19,1945.000000,1980.000000,1930.000000,1965.000000,1965.000000,607700
2021-11-22,1965.000000,1965.000000,1915.000000,1920.000000,1920.000000,518200
2021-11-23,1920.000000,1935.000000,1905.000000,1915.000000,1915.000000,494700
2021-11-24,1915.000000,1935.000000,1915.000000,1930.000000,1930.000000,502300
2021-11-25,1925.000000,1950.000000,1915.000000,1935.000000,1935.000000,518200
2021-11-26,1940.000000,2030.000000,1940.000000,2020.000000,2020.000000,1244100
2021-11-29,2030.000000,2030.000000,1985.000000,1985.000000,1985.000000,855700
2021-11-30,1985.000000,1985.000000,1860.000000,1860.000000,1860.000000,489100
2021-12-01,1850.000000,1850.000000,1730.000000,1730.000000,1730.000000,191600
2021-12-02,1720.000000,1720.000000,1670.000000,1675.000000,1675.000000,828500
2021-12-03,1675.000000,1675.000000,1605.000000,1655.000000,1655.000000,1128100
2021-12-06,1645.000000,1650.000000,1540.000000,1540.000000,1540.000000,362000
2021-12-07,1530.000000,1530.000000,1435.000000,1435.000000,1435.000000,127400
2021-12-08,1420.000000,1420.000000,1335.000000,1335.000000,1335.000000,87000
2021-12-09,1305.000000,1335.000000,1245.000000,1245.000000,1245.000000,46600
2021-12-10,1185.000000,1200.000000,1160.000000,1160.000000,1160.000000,57900
2021-12-13,1080.000000,1115.000000,1080.000000,1080.000000,1080.000000,232600
2021-12-14,1070.000000,1070.000000,1005.000000,1005.000000,1005.000000,143400
2021-12-15,990.000000,990.000000,935.000000,935.000000,935.000000,307000
2021-12-16,900.000000,900.000000,870.000000,870.000000,870.000000,198500
2021-12-17,810.000000,1085.000000,810.000000,1085.000000,1085.000000,1693700
2021-12-20,1110.000000,1355.000000,1100.000000,1355.000000,1355.000000,3211200
2021-12-21,1495.000000,1585.000000,1265.000000,1265.000000,1265.000000,2331200
2021-12-22,1200.000000,1200.000000,1180.000000,1180.000000,1180.000000,102400
2021-12-23,1160.000000,1180.000000,1100.000000,1100.000000,1100.000000,48100
2021-12-24,1025.000000,1100.000000,1025.000000,1025.000000,1025.000000,1795900
2021-12-27,1030.000000,1030.000000,955.000000,955.000000,955.000000,2328500
2021-12-28,955.000000,1000.000000,895.000000,975.000000,975.000000,525800
2021-12-29,980.000000,985.000000,940.000000,940.000000,940.000000,302800
2021-12-30,940.000000,940.000000,875.000000,875.000000,875.000000,570300
2022-01-03,875.000000,925.000000,875.000000,890.000000,890.000000,114200
2022-01-04,890.000000,910.000000,880.000000,885.000000,885.000000,111500
2022-01-05,885.000000,960.000000,885.000000,910.000000,910.000000,186200
2022-01-06,910.000000,930.000000,860.000000,860.000000,860.000000,152800
2022-01-07,860.000000,890.000000,840.000000,880.000000,880.000000,262700
2022-01-10,880.000000,890.000000,820.000000,830.000000,830.000000,258400
2022-01-11,830.000000,900.000000,775.000000,885.000000,885.000000,617400
2022-01-12,890.000000,890.000000,825.000000,825.000000,825.000000,270400
2022-01-13,825.000000,870.000000,770.000000,825.000000,825.000000,380600
2022-01-14,790.000000,880.000000,780.000000,800.000000,800.000000,278000
2022-01-17,800.000000,800.000000,755.000000,765.000000,765.000000,121500
2022-01-18,765.000000,955.000000,745.000000,760.000000,760.000000,791900
2022-01-19,765.000000,800.000000,750.000000,770.000000,770.000000,109600
2022-01-20,770.000000,770.000000,720.000000,760.000000,760.000000,481400
2022-01-21,760.000000,790.000000,755.000000,760.000000,760.000000,99600
2022-01-24,760.000000,790.000000,735.000000,765.000000,765.000000,95100
2022-01-25,765.000000,775.000000,730.000000,740.000000,740.000000,54900
2022-01-26,765.000000,765.000000,730.000000,745.000000,745.000000,47700
2022-01-27,745.000000,745.000000,730.000000,745.000000,745.000000,27100
2022-01-28,730.000000,740.000000,695.000000,695.000000,695.000000,223600
2022-01-31,715.000000,745.000000,675.000000,685.000000,685.000000,191300
2022-02-02,685.000000,725.000000,665.000000,670.000000,670.000000,114800
2022-02-03,675.000000,700.000000,670.000000,700.000000,700.000000,96600
2022-02-04,700.000000,710.000000,670.000000,690.000000,690.000000,82300
2022-02-07,695.000000,710.000000,655.000000,690.000000,690.000000,93000
2022-02-08,690.000000,750.000000,675.000000,750.000000,750.000000,309600
2022-02-09,755.000000,800.000000,705.000000,720.000000,720.000000,216200
2022-02-10,720.000000,745.000000,670.000000,670.000000,670.000000,345700
2022-02-11,680.000000,685.000000,665.000000,670.000000,670.000000,279200
2022-02-14,685.000000,695.000000,630.000000,645.000000,645.000000,235700
2022-02-15,645.000000,685.000000,605.000000,610.000000,610.000000,255300
2022-02-16,610.000000,660.000000,610.000000,635.000000,635.000000,136200
2022-02-17,635.000000,655.000000,610.000000,615.000000,615.000000,213600
2022-02-18,620.000000,660.000000,615.000000,640.000000,640.000000,265600
2022-02-21,640.000000,645.000000,600.000000,600.000000,600.000000,293100
2022-02-22,600.000000,615.000000,590.000000,610.000000,610.000000,72500
2022-02-23,575.000000,630.000000,575.000000,625.000000,625.000000,547300
2022-02-24,630.000000,660.000000,625.000000,640.000000,640.000000,335400
2022-02-25,640.000000,665.000000,600.000000,620.000000,620.000000,342700
2022-03-01,620.000000,620.000000,600.000000,600.000000,600.000000,197700
2022-03-02,600.000000,600.000000,560.000000,565.000000,565.000000,228100
2022-03-04,575.000000,575.000000,530.000000,535.000000,535.000000,214100
2022-03-07,535.000000,535.000000,498.000000,520.000000,520.000000,379600
2022-03-08,520.000000,520.000000,484.000000,484.000000,484.000000,309600
2022-03-09,484.000000,484.000000,452.000000,452.000000,452.000000,175600
2022-03-10,450.000000,470.000000,422.000000,456.000000,456.000000,416600
2022-03-11,456.000000,486.000000,448.000000,460.000000,460.000000,246900
2022-03-14,462.000000,482.000000,460.000000,468.000000,468.000000,174500
2022-03-15,468.000000,474.000000,458.000000,458.000000,458.000000,93100
2022-03-16,456.000000,478.000000,448.000000,472.000000,472.000000,133100
2022-03-17,472.000000,482.000000,450.000000,480.000000,480.000000,148500
2022-03-18,480.000000,486.000000,454.000000,466.000000,466.000000,72900
2022-03-21,464.000000,478.000000,442.000000,470.000000,470.000000,116300
2022-03-22,470.000000,480.000000,460.000000,472.000000,472.000000,36800
2022-03-23,472.000000,472.000000,444.000000,468.000000,468.000000,44900
2022-03-24,468.000000,482.000000,466.000000,480.000000,480.000000,115500
2022-03-25,480.000000,480.000000,468.000000,480.000000,480.000000,50700
2022-03-28,480.000000,480.000000,454.000000,478.000000,478.000000,32300
2022-03-29,468.000000,482.000000,468.000000,482.000000,482.000000,39700
2022-03-30,484.000000,484.000000,470.000000,484.000000,484.000000,41200
2022-03-31,482.000000,484.000000,480.000000,484.000000,484.000000,16600
2022-04-01,480.000000,520.000000,466.000000,500.000000,500.000000,223400
2022-04-04,500.000000,520.000000,482.000000,505.000000,505.000000,160600
2022-04-05,505.000000,525.000000,482.000000,505.000000,505.000000,111900
2022-04-06,505.000000,510.000000,476.000000,510.000000,510.000000,142100
2022-04-07,510.000000,510.000000,486.000000,500.000000,500.000000,150400
2022-04-08,500.000000,500.000000,476.000000,498.000000,498.000000,198800
2022-04-11,500.000000,520.000000,464.000000,498.000000,498.000000,480200
2022-04-12,498.000000,498.000000,480.000000,492.000000,492.000000,33400
2022-04-13,492.000000,500.000000,466.000000,486.000000,486.000000,129900
2022-04-14,480.000000,484.000000,476.000000,484.000000,484.000000,23900
2022-04-18,484.000000,500.000000,482.000000,494.000000,494.000000,39900
2022-04-19,494.000000,505.000000,492.000000,500.000000,500.000000,79500
2022-04-20,500.000000,515.000000,490.000000,515.000000,515.000000,242900
2022-04-21,515.000000,640.000000,515.000000,640.000000,640.000000,1725200
2022-04-22,670.000000,780.000000,640.000000,650.000000,650.000000,4422900
2022-04-25,665.000000,665.000000,605.000000,605.000000,605.000000,186100
2022-04-26,590.000000,605.000000,565.000000,565.000000,565.000000,77800
2022-04-27,530.000000,530.000000,530.000000,530.000000,530.000000,287400
2022-04-28,525.000000,590.000000,494.000000,575.000000,575.000000,523100
2022-05-09,575.000000,715.000000,545.000000,600.000000,600.000000,496600
2022-05-10,600.000000,600.000000,560.000000,600.000000,600.000000,196700
2022-05-11,600.000000,650.000000,575.000000,610.000000,610.000000,212900
2022-05-12,610.000000,610.000000,575.000000,600.000000,600.000000,187800
2022-05-13,600.000000,600.000000,570.000000,575.000000,575.000000,164700
2022-05-17,570.000000,595.000000,535.000000,575.000000,575.000000,94800
2022-05-18,575.000000,595.000000,560.000000,570.000000,570.000000,148500
2022-05-19,570.000000,600.000000,550.000000,585.000000,585.000000,69700
2022-05-20,585.000000,600.000000,575.000000,580.000000,580.000000,369000
2022-05-23,590.000000,590.000000,540.000000,560.000000,560.000000,145400
2022-05-24,570.000000,570.000000,545.000000,565.000000,565.000000,64500
2022-05-25,575.000000,575.000000,550.000000,560.000000,560.000000,39500
2022-05-27,560.000000,665.000000,550.000000,560.000000,560.000000,387600
2022-05-30,585.000000,585.000000,560.000000,585.000000,585.000000,57600
2022-05-31,585.000000,590.000000,560.000000,590.000000,590.000000,59700
2022-06-02,590.000000,605.000000,585.000000,590.000000,590.000000,209500
2022-06-03,590.000000,615.000000,550.000000,610.000000,610.000000,158500
2022-06-06,610.000000,610.000000,590.000000,605.000000,605.000000,55800
2022-06-07,605.000000,605.000000,570.000000,570.000000,570.000000,302200
2022-06-08,585.000000,585.000000,535.000000,540.000000,540.000000,236000
2022-06-09,550.000000,580.000000,505.000000,515.000000,515.000000,384000
2022-06-10,515.000000,570.000000,490.000000,490.000000,490.000000,431600
2022-06-13,490.000000,525.000000,484.000000,510.000000,510.000000,162700
2022-06-14,510.000000,525.000000,484.000000,494.000000,494.000000,182000
2022-06-15,494.000000,515.000000,478.000000,478.000000,478.000000,153300
2022-06-16,478.000000,492.000000,450.000000,482.000000,482.000000,115200
2022-06-17,482.000000,520.000000,460.000000,470.000000,470.000000,218300
2022-06-20,466.000000,505.000000,438.000000,444.000000,444.000000,234800
2022-06-21,444.000000,448.000000,438.000000,440.000000,440.000000,293000
2022-06-22,440.000000,450.000000,440.000000,440.000000,440.000000,42800
2022-06-23,440.000000,444.000000,428.000000,440.000000,440.000000,47600
2022-06-24,438.000000,446.000000,436.000000,440.000000,440.000000,21200
2022-06-27,442.000000,448.000000,442.000000,446.000000,446.000000,27800
2022-06-28,460.000000,460.000000,416.000000,416.000000,416.000000,149700
2022-06-29,416.000000,440.000000,416.000000,422.000000,422.000000,36700
2022-06-30,422.000000,422.000000,400.000000,400.000000,400.000000,38400
2022-07-01,400.000000,440.000000,398.000000,410.000000,410.000000,203200
2022-07-04,420.000000,478.000000,384.000000,412.000000,412.000000,54800
2022-07-05,412.000000,420.000000,412.000000,416.000000,416.000000,22800
2022-07-06,416.000000,462.000000,390.000000,462.000000,462.000000,79100
2022-07-07,430.000000,462.000000,430.000000,430.000000,430.000000,154900
2022-07-08,400.000000,400.000000,400.000000,400.000000,400.000000,107500
2022-07-11,372.000000,380.000000,372.000000,372.000000,372.000000,685300
2022-07-12,346.000000,362.000000,346.000000,348.000000,348.000000,1019900
2022-07-13,350.000000,370.000000,348.000000,352.000000,352.000000,252600
2022-07-14,354.000000,356.000000,328.000000,328.000000,328.000000,495500
2022-07-15,320.000000,344.000000,306.000000,308.000000,308.000000,472100
2022-07-18,308.000000,338.000000,288.000000,314.000000,314.000000,306300
2022-07-19,322.000000,322.000000,294.000000,310.000000,310.000000,5938000
2022-07-20,310.000000,318.000000,290.000000,292.000000,292.000000,5938200
2022-07-21,298.000000,304.000000,288.000000,296.000000,296.000000,465100
2022-07-22,298.000000,304.000000,294.000000,298.000000,298.000000,1089300
2022-07-25,302.000000,310.000000,294.000000,300.000000,300.000000,605300
2022-07-26,302.000000,316.000000,300.000000,304.000000,304.000000,2723100
2022-07-27,304.000000,314.000000,304.000000,314.000000,314.000000,4016300
2022-07-28,316.000000,320.000000,304.000000,306.000000,306.000000,3763500
2022-07-29,306.000000,310.000000,286.000000,294.000000,294.000000,3654300
2022-08-01,294.000000,294.000000,274.000000,274.000000,274.000000,4320500
2022-08-02,270.000000,274.000000,256.000000,260.000000,260.000000,4518300
2022-08-03,264.000000,270.000000,244.000000,246.000000,246.000000,1171000
2022-08-04,252.000000,252.000000,230.000000,234.000000,234.000000,1332300
2022-08-05,236.000000,238.000000,218.000000,220.000000,220.000000,3635000
2022-08-08,220.000000,230.000000,206.000000,218.000000,218.000000,3201500
2022-08-09,218.000000,226.000000,208.000000,216.000000,216.000000,3244600
2022-08-10,216.000000,216.000000,206.000000,212.000000,212.000000,874900
2022-08-11,206.000000,216.000000,198.000000,198.000000,198.000000,15168700
2022-08-12,198.000000,202.000000,186.000000,188.000000,188.000000,3390000
2022-08-15,188.000000,189.000000,175.000000,175.000000,175.000000,6096800
2022-08-16,175.000000,236.000000,166.000000,236.000000,236.000000,41417600
2022-08-18,246.000000,294.000000,246.000000,254.000000,254.000000,81785700
2022-08-19,256.000000,290.000000,256.000000,268.000000,268.000000,37967600
2022-08-22,280.000000,280.000000,250.000000,260.000000,260.000000,19574900
2022-08-23,260.000000,260.000000,242.000000,242.000000,242.000000,13055700
2022-08-24,240.000000,242.000000,226.000000,234.000000,234.000000,6407200
2022-08-25,240.000000,260.000000,232.000000,250.000000,250.000000,17176800
2022-08-26,254.000000,258.000000,234.000000,236.000000,236.000000,12001200
2022-08-29,236.000000,252.000000,228.000000,242.000000,242.000000,7675700
2022-08-30,242.000000,252.000000,232.000000,238.000000,238.000000,11746700
2022-08-31,240.000000,242.000000,234.000000,236.000000,236.000000,1390500
2022-09-01,236.000000,246.000000,230.000000,234.000000,234.000000,3761800
2022-09-02,234.000000,242.000000,230.000000,232.000000,232.000000,3584100
2022-09-05,234.000000,234.000000,224.000000,232.000000,232.000000,3074600
2022-09-06,232.000000,236.000000,224.000000,226.000000,226.000000,3620500
2022-09-07,226.000000,234.000000,226.000000,232.000000,232.000000,8902000
2022-09-08,236.000000,236.000000,222.000000,232.000000,232.000000,5898100
2022-09-09,232.000000,234.000000,226.000000,226.000000,226.000000,1072600
2022-09-12,228.000000,232.000000,224.000000,228.000000,228.000000,5043100
2022-09-13,230.000000,234.000000,224.000000,230.000000,230.000000,4872000
2022-09-14,230.000000,230.000000,224.000000,228.000000,228.000000,1091300
2022-09-15,228.000000,228.000000,218.000000,228.000000,228.000000,10084600
2022-09-16,228.000000,228.000000,222.000000,222.000000,222.000000,4712100
2022-09-19,222.000000,222.000000,208.000000,208.000000,208.000000,2539400
2022-09-20,208.000000,212.000000,198.000000,200.000000,200.000000,2557500
2022-09-21,200.000000,228.000000,200.000000,206.000000,206.000000,17890600
2022-09-22,202.000000,212.000000,200.000000,210.000000,210.000000,4402000
2022-09-23,212.000000,216.000000,199.000000,206.000000,206.000000,2912800
2022-09-26,210.000000,210.000000,200.000000,200.000000,200.000000,5421900
2022-09-27,202.000000,204.000000,199.000000,202.000000,202.000000,3396100
2022-09-28,204.000000,206.000000,200.000000,204.000000,204.000000,4169200
2022-09-29,204.000000,208.000000,202.000000,202.000000,202.000000,985100
2022-09-30,202.000000,204.000000,190.000000,198.000000,198.000000,5091800
2022-10-03,199.000000,208.000000,199.000000,204.000000,204.000000,5305500
2022-10-04,204.000000,204.000000,199.000000,199.000000,199.000000,4133400
2022-10-05,199.000000,234.000000,196.000000,216.000000,216.000000,12010700
2022-10-06,220.000000,234.000000,208.000000,212.000000,212.000000,9480400
2022-10-07,214.000000,216.000000,204.000000,204.000000,204.000000,6182000
2022-10-10,204.000000,212.000000,202.000000,206.000000,206.000000,5629300
2022-10-11,206.000000,208.000000,200.000000,204.000000,204.000000,5048500
2022-10-12,204.000000,208.000000,196.000000,199.000000,199.000000,591100
2022-10-13,199.000000,204.000000,194.000000,199.000000,199.000000,5705900
2022-10-14,200.000000,202.000000,194.000000,195.000000,195.000000,2147300
2022-10-17,194.000000,197.000000,187.000000,193.000000,193.000000,489200
2022-10-18,193.000000,197.000000,193.000000,195.000000,195.000000,283100
2022-10-19,195.000000,200.000000,193.000000,195.000000,195.000000,399500
2022-10-20,196.000000,208.000000,195.000000,198.000000,198.000000,787200
2022-10-21,199.000000,206.000000,196.000000,199.000000,199.000000,9020900
2022-10-24,199.000000,214.000000,199.000000,204.000000,204.000000,3249400
2022-10-25,230.000000,230.000000,200.000000,202.000000,202.000000,1101000
2022-10-26,204.000000,210.000000,200.000000,204.000000,204.000000,1379100
2022-10-27,204.000000,206.000000,202.000000,204.000000,204.000000,521300
2022-10-28,206.000000,206.000000,202.000000,202.000000,202.000000,949500
2022-10-31,204.000000,210.000000,204.000000,208.000000,208.000000,14822400
2022-11-01,212.000000,214.000000,208.000000,210.000000,210.000000,1912100
2022-11-02,212.000000,212.000000,202.000000,204.000000,204.000000,1212800
2022-11-03,204.000000,208.000000,202.000000,204.000000,204.000000,993200
2022-11-04,204.000000,210.000000,200.000000,200.000000,200.000000,461500
2022-11-07,200.000000,204.000000,199.000000,199.000000,199.000000,1313800
2022-11-08,199.000000,202.000000,197.000000,197.000000,197.000000,1016900
2022-11-09,198.000000,200.000000,197.000000,197.000000,197.000000,566200
2022-11-10,198.000000,199.000000,197.000000,198.000000,198.000000,280500
2022-11-11,198.000000,198.000000,192.000000,194.000000,194.000000,1082900
2022-11-14,196.000000,196.000000,192.000000,193.000000,193.000000,404700
2022-11-15,193.000000,195.000000,193.000000,195.000000,195.000000,308600
2022-11-16,195.000000,199.000000,194.000000,199.000000,199.000000,156800
2022-11-17,199.000000,202.000000,194.000000,198.000000,198.000000,205300
2022-11-18,197.000000,200.000000,194.000000,195.000000,195.000000,296000
2022-11-21,195.000000,197.000000,193.000000,197.000000,197.000000,283400
2022-11-22,196.000000,198.000000,194.000000,197.000000,197.000000,243700
2022-11-23,198.000000,198.000000,194.000000,194.000000,194.000000,621100
2022-11-24,197.000000,206.000000,197.000000,198.000000,198.000000,1128300
2022-11-25,198.000000,202.000000,196.000000,196.000000,196.000000,717800
2022-11-28,197.000000,200.000000,196.000000,197.000000,197.000000,599500
2022-11-29,197.000000,199.000000,196.000000,199.000000,199.000000,2182200
2022-11-30,199.000000,199.000000,192.000000,196.000000,196.000000,1898300
2022-12-01,196.000000,197.000000,191.000000,191.000000,191.000000,1632400
2022-12-02,191.000000,191.000000,178.000000,185.000000,185.000000,2475400
2022-12-05,185.000000,185.000000,176.000000,182.000000,182.000000,677000
2022-12-06,180.000000,180.000000,170.000000,170.000000,170.000000,2487000
2022-12-07,170.000000,187.000000,170.000000,179.000000,179.000000,1064800
2022-12-08,180.000000,180.000000,170.000000,173.000000,173.000000,425200
2022-12-09,172.000000,180.000000,165.000000,180.000000,180.000000,721400
2022-12-12,180.000000,192.000000,173.000000,185.000000,185.000000,510400
2022-12-13,187.000000,187.000000,179.000000,183.000000,183.000000,1660400
2022-12-14,184.000000,189.000000,177.000000,179.000000,179.000000,290800
2022-12-15,180.000000,185.000000,175.000000,177.000000,177.000000,110900
2022-12-16,177.000000,181.000000,175.000000,178.000000,178.000000,390400
2022-12-19,178.000000,181.000000,177.000000,178.000000,178.000000,114400
2022-12-20,178.000000,180.000000,171.000000,174.000000,174.000000,320600
2022-12-21,174.000000,180.000000,173.000000,180.000000,180.000000,169900
2022-12-22,180.000000,180.000000,176.000000,177.000000,177.000000,219300
2022-12-23,177.000000,179.000000,173.000000,173.000000,173.000000,122800
2022-12-26,173.000000,176.000000,172.000000,172.000000,172.000000,187300
2022-12-27,174.000000,178.000000,170.000000,178.000000,178.000000,269100
2022-12-28,176.000000,177.000000,170.000000,170.000000,170.000000,288600
2022-12-29,177.000000,178.000000,168.000000,170.000000,170.000000,353300
2022-12-30,171.000000,174.000000,168.000000,170.000000,170.000000,87200
2023-01-02,171.000000,171.000000,170.000000,170.000000,170.000000,43800
2023-01-03,172.000000,175.000000,172.000000,172.000000,172.000000,197700
2023-01-04,175.000000,175.000000,171.000000,173.000000,173.000000,116800
2023-01-05,173.000000,174.000000,167.000000,172.000000,172.000000,182300
2023-01-06,172.000000,172.000000,167.000000,168.000000,168.000000,96000
2023-01-09,170.000000,172.000000,165.000000,167.000000,167.000000,168300
2023-01-10,168.000000,175.000000,168.000000,169.000000,169.000000,297400
2023-01-11,169.000000,171.000000,168.000000,169.000000,169.000000,185900
2023-01-12,168.000000,169.000000,160.000000,165.000000,165.000000,273900
2023-01-13,164.000000,169.000000,163.000000,164.000000,164.000000,106400
2023-01-16,164.000000,168.000000,158.000000,164.000000,164.000000,2224600
2023-01-17,164.000000,170.000000,154.000000,170.000000,170.000000,714700
2023-01-18,168.000000,169.000000,163.000000,166.000000,166.000000,177000
2023-01-19,166.000000,175.000000,163.000000,170.000000,170.000000,363900
2023-01-20,173.000000,173.000000,166.000000,167.000000,167.000000,92800
2023-01-24,167.000000,167.000000,164.000000,166.000000,166.000000,330600
2023-01-25,167.000000,170.000000,165.000000,166.000000,166.000000,403500
2023-01-26,166.000000,170.000000,160.000000,170.000000,170.000000,771600
2023-01-27,170.000000,180.000000,169.000000,174.000000,174.000000,1256800
2023-01-30,174.000000,184.000000,174.000000,180.000000,180.000000,788900
2023-01-31,181.000000,220.000000,181.000000,202.000000,202.000000,13150800
2023-02-01,204.000000,206.000000,188.000000,188.000000,188.000000,3198000
2023-02-02,188.000000,188.000000,176.000000,181.000000,181.000000,2008100
2023-02-03,182.000000,185.000000,179.000000,182.000000,182.000000,278900
2023-02-06,182.000000,185.000000,176.000000,177.000000,177.000000,702500
2023-02-07,177.000000,180.000000,174.000000,180.000000,180.000000,681600
2023-02-08,180.000000,181.000000,174.000000,178.000000,178.000000,625700
2023-02-09,178.000000,181.000000,177.000000,179.000000,179.000000,397900
2023-02-10,181.000000,181.000000,173.000000,176.000000,176.000000,288200
2023-02-13,174.000000,176.000000,169.000000,169.000000,169.000000,559200
2023-02-14,169.000000,173.000000,163.000000,168.000000,168.000000,356300
2023-02-15,168.000000,174.000000,166.000000,168.000000,168.000000,778300
2023-02-16,168.000000,171.000000,168.000000,169.000000,169.000000,203600
2023-02-17,169.000000,184.000000,169.000000,176.000000,176.000000,2331100
2023-02-20,176.000000,183.000000,171.000000,174.000000,174.000000,880100
2023-02-21,174.000000,181.000000,171.000000,177.000000,177.000000,229000
2023-02-22,175.000000,180.000000,172.000000,172.000000,172.000000,265200
2023-02-23,172.000000,175.000000,170.000000,170.000000,170.000000,538300
2023-02-24,170.000000,177.000000,164.000000,166.000000,166.000000,463500
2023-02-27,173.000000,175.000000,166.000000,168.000000,168.000000,513400
2023-02-28,168.000000,172.000000,166.000000,169.000000,169.000000,149000
2023-03-01,169.000000,172.000000,165.000000,167.000000,167.000000,515100
2023-03-02,169.000000,172.000000,164.000000,164.000000,164.000000,264900
2023-03-03,164.000000,170.000000,163.000000,165.000000,165.000000,150600
2023-03-06,165.000000,167.000000,154.000000,156.000000,156.000000,1145300
2023-03-07,156.000000,160.000000,146.000000,147.000000,147.000000,1571500
2023-03-08,150.000000,160.000000,137.000000,143.000000,143.000000,936700
2023-03-09,143.000000,150.000000,136.000000,139.000000,139.000000,279800
2023-03-10,139.000000,149.000000,130.000000,133.000000,133.000000,2055000
2023-03-13,137.000000,148.000000,137.000000,140.000000,140.000000,1890600
2023-03-14,139.000000,144.000000,138.000000,141.000000,141.000000,1087600
2023-03-15,145.000000,145.000000,141.000000,141.000000,141.000000,1043700
2023-03-16,143.000000,146.000000,141.000000,142.000000,142.000000,1287900
2023-03-17,142.000000,147.000000,142.000000,143.000000,143.000000,460400
2023-03-20,144.000000,148.000000,143.000000,147.000000,147.000000,607600
2023-03-21,147.000000,149.000000,147.000000,148.000000,148.000000,264200
2023-03-24,148.000000,152.000000,148.000000,151.000000,151.000000,274300
2023-03-27,151.000000,160.000000,148.000000,153.000000,153.000000,389800
2023-03-28,151.000000,161.000000,151.000000,161.000000,161.000000,562200
2023-03-29,161.000000,167.000000,156.000000,162.000000,162.000000,506400
2023-03-30,159.000000,165.000000,154.000000,160.000000,160.000000,116000
2023-03-31,160.000000,164.000000,154.000000,162.000000,162.000000,228800
2023-04-03,162.000000,163.000000,160.000000,161.000000,161.000000,96900
2023-04-04,163.000000,163.000000,157.000000,162.000000,162.000000,143500
2023-04-05,159.000000,162.000000,159.000000,160.000000,160.000000,72200
2023-04-06,157.000000,163.000000,155.000000,161.000000,161.000000,101500
2023-04-10,158.000000,163.000000,157.000000,162.000000,162.000000,1647000
2023-04-11,162.000000,162.000000,158.000000,161.000000,161.000000,396200
2023-04-12,160.000000,163.000000,156.000000,163.000000,163.000000,876700
2023-04-13,163.000000,163.000000,160.000000,162.000000,162.000000,783500
2023-04-14,161.000000,163.000000,157.000000,162.000000,162.000000,99300
2023-04-17,162.000000,162.000000,156.000000,162.000000,162.000000,25800
2023-04-18,158.000000,161.000000,155.000000,155.000000,155.000000,227100
2023-04-26,155.000000,155.000000,146.000000,155.000000,155.000000,71800
2023-04-27,155.000000,158.000000,148.000000,156.000000,156.000000,212600
2023-04-28,156.000000,161.000000,156.000000,159.000000,159.000000,31400
2023-05-02,159.000000,160.000000,151.000000,158.000000,158.000000,301700
2023-05-03,158.000000,158.000000,147.000000,151.000000,151.000000,364100
2023-05-04,155.000000,155.000000,150.000000,154.000000,154.000000,173600
2023-05-05,152.000000,154.000000,149.000000,154.000000,154.000000,63600
2023-05-08,151.000000,153.000000,147.000000,151.000000,151.000000,157500
2023-05-09,148.000000,149.000000,144.000000,147.000000,147.000000,95300
2023-05-10,147.000000,148.000000,142.000000,147.000000,147.000000,295000
2023-05-11,148.000000,148.000000,144.000000,147.000000,147.000000,161800
2023-05-12,146.000000,149.000000,142.000000,147.000000,147.000000,70000
2023-05-15,146.000000,149.000000,145.000000,148.000000,148.000000,81600
2023-05-16,147.000000,152.000000,147.000000,150.000000,150.000000,97300
2023-05-17,149.000000,152.000000,146.000000,150.000000,150.000000,107400
2023-05-19,150.000000,152.000000,141.000000,148.000000,148.000000,272600
2023-05-22,147.000000,147.000000,143.000000,147.000000,147.000000,12300
2023-05-23,145.000000,148.000000,137.000000,148.000000,148.000000,902700
2023-05-24,148.000000,151.000000,140.000000,146.000000,146.000000,99500
2023-05-25,146.000000,152.000000,144.000000,150.000000,150.000000,241600
2023-05-26,151.000000,151.000000,141.000000,150.000000,150.000000,79600
2023-05-29,150.000000,150.000000,143.000000,148.000000,148.000000,110500
2023-05-30,147.000000,148.000000,145.000000,147.000000,147.000000,24700
2023-05-31,147.000000,151.000000,145.000000,151.000000,151.000000,155300
2023-06-05,150.000000,155.000000,138.000000,151.000000,151.000000,530000
2023-06-06,148.000000,153.000000,147.000000,151.000000,151.000000,81100
2023-06-07,147.000000,153.000000,147.000000,153.000000,153.000000,73700
2023-06-08,152.000000,152.000000,150.000000,152.000000,152.000000,59800
2023-06-09,153.000000,153.000000,149.000000,152.000000,152.000000,58000
2023-06-12,150.000000,153.000000,146.000000,152.000000,152.000000,523200
2023-06-13,152.000000,153.000000,147.000000,152.000000,152.000000,28900
2023-06-14,152.000000,155.000000,150.000000,152.000000,152.000000,40200
2023-06-15,150.000000,152.000000,148.000000,151.000000,151.000000,88600
2023-06-16,151.000000,153.000000,148.000000,150.000000,150.000000,58300
2023-06-19,150.000000,151.000000,147.000000,150.000000,150.000000,126700
2023-06-20,150.000000,151.000000,145.000000,149.000000,149.000000,65300
2023-06-21,150.000000,150.000000,147.000000,150.000000,150.000000,19900
2023-06-22,147.000000,150.000000,146.000000,149.000000,149.000000,113900
2023-06-23,150.000000,150.000000,146.000000,148.000000,148.000000,106200
2023-06-26,148.000000,151.000000,148.000000,149.000000,149.000000,1024200
2023-06-27,151.000000,151.000000,148.000000,151.000000,151.000000,938700
2023-07-03,151.000000,151.000000,149.000000,149.000000,149.000000,2599300
2023-07-04,149.000000,151.000000,148.000000,150.000000,150.000000,1319600
2023-07-05,148.000000,150.000000,148.000000,150.000000,150.000000,43000
2023-07-06,149.000000,150.000000,148.000000,150.000000,150.000000,87100
2023-07-07,150.000000,151.000000,149.000000,150.000000,150.000000,27600
2023-07-10,151.000000,152.000000,150.000000,150.000000,150.000000,113000
2023-07-11,150.000000,154.000000,149.000000,150.000000,150.000000,141700
2023-07-12,153.000000,153.000000,148.000000,150.000000,150.000000,68300
2023-07-13,152.000000,152.000000,150.000000,151.000000,151.000000,48600
2023-07-14,151.000000,152.000000,149.000000,150.000000,150.000000,92400
2023-07-17,152.000000,154.000000,150.000000,153.000000,153.000000,238900
2023-07-18,153.000000,155.000000,151.000000,151.000000,151.000000,372500
2023-07-20,151.000000,153.000000,150.000000,151.000000,151.000000,103700
2023-07-21,150.000000,154.000000,150.000000,150.000000,150.000000,73200
2023-07-24,151.000000,155.000000,149.000000,153.000000,153.000000,353800
2023-07-25,150.000000,158.000000,148.000000,154.000000,154.000000,935100
2023-07-26,155.000000,158.000000,152.000000,152.000000,152.000000,216300
2023-07-27,159.000000,160.000000,152.000000,155.000000,155.000000,216700
2023-07-28,155.000000,155.000000,149.000000,153.000000,153.000000,258100
2023-07-31,159.000000,159.000000,143.000000,152.000000,152.000000,537500
2023-08-01,153.000000,155.000000,147.000000,151.000000,151.000000,145300
2023-08-02,150.000000,160.000000,150.000000,155.000000,155.000000,960300
2023-08-03,155.000000,155.000000,148.000000,149.000000,149.000000,742800
2023-08-04,153.000000,177.000000,151.000000,159.000000,159.000000,6242400
2023-08-07,159.000000,171.000000,155.000000,170.000000,170.000000,2167100
2023-08-08,171.000000,210.000000,171.000000,180.000000,180.000000,17797100
2023-08-09,181.000000,183.000000,170.000000,177.000000,177.000000,2165000
2023-08-10,177.000000,196.000000,171.000000,175.000000,175.000000,3450100
2023-08-11,174.000000,174.000000,163.000000,170.000000,170.000000,1187900
2023-08-14,170.000000,182.000000,169.000000,172.000000,172.000000,1131200
2023-08-15,172.000000,175.000000,166.000000,170.000000,170.000000,637000
2023-08-16,170.000000,177.000000,165.000000,171.000000,171.000000,748700
2023-08-18,172.000000,175.000000,166.000000,171.000000,171.000000,459200
2023-08-21,173.000000,179.000000,165.000000,175.000000,175.000000,978000
2023-08-22,175.000000,199.000000,174.000000,192.000000,192.000000,5263300
2023-08-23,195.000000,195.000000,186.000000,192.000000,192.000000,1605000
2023-08-24,192.000000,192.000000,171.000000,174.000000,174.000000,2560400
2023-08-25,174.000000,179.000000,169.000000,173.000000,173.000000,905300
2023-08-28,173.000000,180.000000,168.000000,172.000000,172.000000,866100
2023-08-29,172.000000,177.000000,172.000000,173.000000,173.000000,328600
2023-08-30,173.000000,192.000000,171.000000,179.000000,179.000000,1364200
2023-08-31,179.000000,185.000000,176.000000,180.000000,180.000000,304400
2023-09-01,180.000000,189.000000,170.000000,176.000000,176.000000,654200
2023-09-04,178.000000,185.000000,169.000000,181.000000,181.000000,918200
2023-09-05,179.000000,181.000000,174.000000,175.000000,175.000000,557800
2023-09-06,177.000000,188.000000,175.000000,179.000000,179.000000,943600
2023-09-07,179.000000,185.000000,176.000000,177.000000,177.000000,1126200
2023-09-08,177.000000,182.000000,173.000000,176.000000,176.000000,755800
2023-09-11,177.000000,181.000000,175.000000,177.000000,177.000000,216200
2023-09-12,178.000000,180.000000,175.000000,179.000000,179.000000,298000
2023-09-13,179.000000,183.000000,177.000000,177.000000,177.000000,290800
2023-09-14,178.000000,182.000000,175.000000,177.000000,177.000000,319400
2023-09-15,178.000000,178.000000,174.000000,176.000000,176.000000,2667100
2023-09-18,176.000000,177.000000,171.000000,174.000000,174.000000,2040700
2023-09-19,174.000000,175.000000,171.000000,171.000000,171.000000,2074700
2023-09-20,171.000000,178.000000,169.000000,174.000000,174.000000,2184600
2023-09-21,174.000000,176.000000,166.000000,169.000000,169.000000,2669100
2023-09-22,170.000000,171.000000,167.000000,169.000000,169.000000,1952500
2023-09-25,169.000000,169.000000,165.000000,167.000000,167.000000,2035600
2023-09-26,166.000000,166.000000,160.000000,160.000000,160.000000,2694200
2023-09-27,160.000000,167.000000,159.000000,163.000000,163.000000,2180900
2023-09-29,163.000000,164.000000,159.000000,161.000000,161.000000,2040600
2023-10-02,161.000000,161.000000,159.000000,161.000000,161.000000,2190100
2023-10-03,161.000000,161.000000,155.000000,160.000000,160.000000,2305500
2023-10-04,159.000000,160.000000,155.000000,157.000000,157.000000,2066600
2023-10-05,157.000000,167.000000,157.000000,164.000000,164.000000,3033900
2023-10-06,164.000000,168.000000,161.000000,166.000000,166.000000,2545000
2023-10-09,166.000000,174.000000,163.000000,173.000000,173.000000,4162800
2023-10-10,173.000000,180.000000,170.000000,176.000000,176.000000,7236000
2023-10-11,176.000000,177.000000,170.000000,174.000000,174.000000,3634100
2023-10-12,173.000000,176.000000,158.000000,165.000000,165.000000,6273900
2023-10-13,165.000000,165.000000,155.000000,164.000000,164.000000,3163600
2023-10-16,164.000000,164.000000,156.000000,159.000000,159.000000,3159800
2023-10-17,159.000000,163.000000,155.000000,162.000000,162.000000,2314900
2023-10-18,161.000000,162.000000,124.000000,141.000000,141.000000,29035000
2023-10-19,142.000000,155.000000,135.000000,153.000000,153.000000,15175200
2023-10-20,155.000000,160.000000,148.000000,149.000000,149.000000,1853700
2023-10-23,147.000000,162.000000,145.000000,160.000000,160.000000,1211500
2023-10-24,160.000000,169.000000,150.000000,166.000000,166.000000,2420800
2023-10-25,166.000000,170.000000,162.000000,162.000000,162.000000,425100
2023-10-26,162.000000,169.000000,160.000000,163.000000,163.000000,314100
2023-10-27,163.000000,170.000000,157.000000,158.000000,158.000000,93000
2023-10-30,167.000000,167.000000,155.000000,160.000000,160.000000,368900
2023-10-31,169.000000,169.000000,152.000000,154.000000,154.000000,128200
2023-11-01,158.000000,160.000000,150.000000,151.000000,151.000000,394100
2023-11-02,150.000000,158.000000,149.000000,156.000000,156.000000,43500
2023-11-03,155.000000,175.000000,151.000000,163.000000,163.000000,34798600
2023-11-06,163.000000,167.000000,159.000000,165.000000,165.000000,2540300
2023-11-07,163.000000,167.000000,155.000000,160.000000,160.000000,2464000
2023-11-08,160.000000,164.000000,156.000000,159.000000,159.000000,2512400
2023-11-09,159.000000,164.000000,156.000000,163.000000,163.000000,2199100
2023-11-10,162.000000,163.000000,156.000000,159.000000,159.000000,2353500
2023-11-13,159.000000,160.000000,155.000000,155.000000,155.000000,2156200
2023-11-14,155.000000,159.000000,155.000000,157.000000,157.000000,2419800
2023-11-15,157.000000,159.000000,156.000000,158.000000,158.000000,2054300
2023-11-16,157.000000,159.000000,155.000000,157.000000,157.000000,2114300
2023-11-17,157.000000,157.000000,150.000000,155.000000,155.000000,2152600
2023-11-20,155.000000,163.000000,153.000000,161.000000,161.000000,4625000
2023-11-21,161.000000,161.000000,150.000000,160.000000,160.000000,2534300
2023-11-22,160.000000,160.000000,154.000000,158.000000,158.000000,2345800
2023-11-23,157.000000,158.000000,149.000000,157.000000,157.000000,2756800
2023-11-24,156.000000,158.000000,151.000000,155.000000,155.000000,2169800
2023-11-27,155.000000,155.000000,150.000000,153.000000,153.000000,2059800
2023-11-28,153.000000,155.000000,149.000000,152.000000,152.000000,1975700
2023-11-29,152.000000,153.000000,149.000000,152.000000,152.000000,1858400
2023-11-30,151.000000,151.000000,150.000000,151.000000,151.000000,2045400
2023-12-01,151.000000,152.000000,146.000000,152.000000,152.000000,2117900
2023-12-04,151.000000,155.000000,151.000000,155.000000,155.000000,1977800
2023-12-05,154.000000,156.000000,153.000000,154.000000,154.000000,1948100
2023-12-06,153.000000,154.000000,150.000000,150.000000,150.000000,2135200
2023-12-07,149.000000,150.000000,141.000000,147.000000,147.000000,86842000
2023-12-08,147.000000,190.000000,140.000000,163.000000,163.000000,97306600
2023-12-11,165.000000,175.000000,157.000000,173.000000,173.000000,5232500
2023-12-12,173.000000,184.000000,159.000000,179.000000,179.000000,8406700
2023-12-13,179.000000,179.000000,170.000000,176.000000,176.000000,3330500
2023-12-14,175.000000,180.000000,171.000000,180.000000,180.000000,3640000
2023-12-15,180.000000,185.000000,177.000000,181.000000,181.000000,3221800
2023-12-18,180.000000,183.000000,176.000000,179.000000,179.000000,5823900
2023-12-19,178.000000,182.000000,175.000000,180.000000,180.000000,5801300
2023-12-20,180.000000,181.000000,176.000000,178.000000,178.000000,3154000
2023-12-21,177.000000,224.000000,177.000000,199.000000,199.000000,22975000
2023-12-22,199.000000,206.000000,190.000000,198.000000,198.000000,6380800
2023-12-27,198.000000,200.000000,192.000000,199.000000,199.000000,3715600
2023-12-28,199.000000,220.000000,198.000000,216.000000,216.000000,10210000
2023-12-29,216.000000,216.000000,206.000000,212.000000,212.000000,4859800
2024-01-02,212.000000,212.000000,194.000000,200.000000,200.000000,5025000
2024-01-03,193.000000,210.000000,193.000000,208.000000,208.000000,5034200
2024-01-04,206.000000,216.000000,206.000000,214.000000,214.000000,4151400
2024-01-05,212.000000,236.000000,212.000000,234.000000,234.000000,9805200
2024-01-08,232.000000,238.000000,222.000000,228.000000,228.000000,5315900
2024-01-09,226.000000,236.000000,218.000000,236.000000,236.000000,6295600
2024-01-10,240.000000,250.000000,228.000000,234.000000,234.000000,4953200
2024-01-11,230.000000,242.000000,230.000000,236.000000,236.000000,5430600
2024-01-12,234.000000,240.000000,228.000000,232.000000,232.000000,4203700
2024-01-15,230.000000,232.000000,212.000000,216.000000,216.000000,5690500
2024-01-16,216.000000,226.000000,202.000000,224.000000,224.000000,5051100
2024-01-17,222.000000,234.000000,222.000000,228.000000,228.000000,4503700
2024-01-18,226.000000,240.000000,224.000000,230.000000,230.000000,4181300
2024-01-19,228.000000,232.000000,216.000000,228.000000,228.000000,5130000
2024-01-22,226.000000,228.000000,202.000000,222.000000,222.000000,3027800
2024-01-23,220.000000,228.000000,212.000000,216.000000,216.000000,2413900
2024-01-24,216.000000,220.000000,204.000000,204.000000,204.000000,1542600
2024-01-25,204.000000,210.000000,198.000000,206.000000,206.000000,943800
2024-01-26,206.000000,206.000000,199.000000,200.000000,200.000000,259700
2024-01-29,198.000000,210.000000,192.000000,204.000000,204.000000,525100
2024-01-30,208.000000,208.000000,200.000000,206.000000,206.000000,1171700
2024-01-31,206.000000,210.000000,195.000000,200.000000,200.000000,850700
2024-02-01,204.000000,204.000000,174.000000,198.000000,198.000000,3568500
2024-02-02,199.000000,210.000000,197.000000,200.000000,200.000000,566800
2024-02-05,198.000000,200.000000,186.000000,197.000000,197.000000,501200
2024-02-06,197.000000,199.000000,188.000000,199.000000,199.000000,347100
2024-02-07,199.000000,199.000000,193.000000,197.000000,197.000000,63900
2024-02-12,194.000000,200.000000,192.000000,198.000000,198.000000,122200
2024-02-13,198.000000,200.000000,193.000000,200.000000,200.000000,315800
2024-02-15,199.000000,212.000000,193.000000,198.000000,198.000000,244300
2024-02-16,196.000000,198.000000,194.000000,194.000000,194.000000,97600
2024-02-19,194.000000,196.000000,190.000000,194.000000,194.000000,18500
2024-02-20,197.000000,200.000000,192.000000,196.000000,196.000000,368500
2024-02-21,196.000000,197.000000,192.000000,192.000000,192.000000,100200
2024-02-22,196.000000,196.000000,187.000000,192.000000,192.000000,1011100
2024-02-23,192.000000,195.000000,189.000000,192.000000,192.000000,2180300
2024-02-26,190.000000,200.000000,188.000000,200.000000,200.000000,5629100
2024-02-27,202.000000,218.000000,200.000000,214.000000,214.000000,10078700
2024-02-28,216.000000,260.000000,204.000000,240.000000,240.000000,68179900
2024-02-29,240.000000,246.000000,220.000000,228.000000,228.000000,11274900
2024-03-01,228.000000,228.000000,212.000000,214.000000,214.000000,6084100
2024-03-04,216.000000,220.000000,208.000000,216.000000,216.000000,32131500
2024-03-05,220.000000,220.000000,214.000000,216.000000,216.000000,8851100
2024-03-06,218.000000,224.000000,214.000000,216.000000,216.000000,23186500
2024-03-07,218.000000,224.000000,216.000000,224.000000,224.000000,30162700
2024-03-08,226.000000,228.000000,218.000000,220.000000,220.000000,9537800
2024-03-13,220.000000,224.000000,212.000000,212.000000,212.000000,4980000
2024-03-14,212.000000,216.000000,202.000000,206.000000,206.000000,3516400
2024-03-15,206.000000,208.000000,199.000000,202.000000,202.000000,4933100
2024-03-18,202.000000,206.000000,190.000000,204.000000,204.000000,2275400
2024-03-19,200.000000,208.000000,200.000000,202.000000,202.000000,2310500
2024-03-20,204.000000,204.000000,198.000000,199.000000,199.000000,1726400
2024-03-21,200.000000,204.000000,195.000000,197.000000,197.000000,318800
2024-03-22,197.000000,202.000000,195.000000,198.000000,198.000000,20176900
2024-03-25,200.000000,200.000000,196.000000,197.000000,197.000000,582300
2024-03-26,198.000000,198.000000,192.000000,195.000000,195.000000,281600
2024-03-27,195.000000,195.000000,191.000000,192.000000,192.000000,288100
2024-03-28,192.000000,194.000000,177.000000,189.000000,189.000000,6699300
2024-04-01,192.000000,226.000000,180.000000,184.000000,184.000000,48118600
2024-04-02,186.000000,187.000000,171.000000,179.000000,179.000000,1643300
2024-04-03,175.000000,181.000000,170.000000,170.000000,170.000000,2786200
2024-04-04,174.000000,174.000000,140.000000,171.000000,171.000000,3241400
2024-04-05,171.000000,176.000000,159.000000,171.000000,171.000000,1491400
2024-04-16,169.000000,175.000000,163.000000,166.000000,166.000000,454800
2024-04-17,170.000000,174.000000,167.000000,168.000000,168.000000,2235100
2024-04-18,169.000000,170.000000,167.000000,167.000000,167.000000,74900
2024-04-19,167.000000,167.000000,164.000000,165.000000,165.000000,34800
2024-04-22,163.000000,172.000000,163.000000,167.000000,167.000000,89000
2024-04-23,168.000000,175.000000,166.000000,173.000000,173.000000,462100
2024-04-24,173.000000,177.000000,166.000000,166.000000,166.000000,683300
2024-04-25,170.000000,170.000000,166.000000,166.000000,166.000000,166200
2024-04-26,171.000000,171.000000,160.000000,165.000000,165.000000,2169200
2024-04-29,170.000000,170.000000,160.000000,163.000000,163.000000,471200
2024-04-30,163.000000,167.000000,162.000000,165.000000,165.000000,87300
2024-05-02,164.000000,167.000000,155.000000,166.000000,166.000000,326300
2024-05-03,170.000000,171.000000,162.000000,166.000000,166.000000,108300
2024-05-06,165.000000,172.000000,164.000000,168.000000,168.000000,2318400
2024-05-07,167.000000,171.000000,164.000000,167.000000,167.000000,216100
2024-05-08,168.000000,169.000000,164.000000,168.000000,168.000000,411300
2024-05-13,165.000000,169.000000,161.000000,164.000000,164.000000,281200
2024-05-14,164.000000,167.000000,150.000000,165.000000,165.000000,875600
2024-05-15,163.000000,163.000000,150.000000,157.000000,157.000000,1330200
2024-05-16,157.000000,159.000000,155.000000,157.000000,157.000000,473200
2024-05-17,156.000000,159.000000,156.000000,159.000000,159.000000,78300
2024-05-20,159.000000,159.000000,155.000000,158.000000,158.000000,76900
2024-05-21,155.000000,163.000000,154.000000,162.000000,162.000000,105600
2024-05-22,163.000000,163.000000,156.000000,157.000000,157.000000,304200